<?xml version="1.0" encoding="UTF-8"?>
<project-private xmlns="http://www.netbeans.org/ns/project-private/1">
    <editor-bookmarks xmlns="http://www.netbeans.org/ns/editor-bookmarks/2" lastBookmarkId="0"/>
    <open-files xmlns="http://www.netbeans.org/ns/projectui-open-files/2">
        <group>
            <file>file:/C:/Users/HP%2014S/OneDrive/Documents/Tugas%20ogi/Semester%207/KKP/Ja-Track-main/Ja-Track-main/Ja-Track-main/Ja-Track-main/JavaApplication9/src/com/JaTrack/Form/FormLaporanDistributor.java</file>
            <file>file:/C:/Users/HP%2014S/OneDrive/Documents/Tugas%20ogi/Semester%207/KKP/Ja-Track-main/Ja-Track-main/Ja-Track-main/Ja-Track-main/JavaApplication9/src/com/JaTrack/Form/FormLaporanProduksi.java</file>
            <file>file:/C:/Users/HP%2014S/OneDrive/Documents/Tugas%20ogi/Semester%207/KKP/Ja-Track-main/Ja-Track-main/Ja-Track-main/Ja-Track-main/JavaApplication9/src/com/JaTrack/Form/FormProduksi.java</file>
            <file>file:/C:/Users/HP%2014S/OneDrive/Documents/Tugas%20ogi/Semester%207/KKP/Ja-Track-main/Ja-Track-main/Ja-Track-main/Ja-Track-main/JavaApplication9/src/com/JaTrack/Form/FormLaporanTransaksi.java</file>
            <file>file:/C:/Users/HP%2014S/OneDrive/Documents/Tugas%20ogi/Semester%207/KKP/Ja-Track-main/Ja-Track-main/Ja-Track-main/Ja-Track-main/JavaApplication9/src/com/JaTrack/Form/FormDashboard.java</file>
            <file>file:/C:/Users/HP%2014S/OneDrive/Documents/Tugas%20ogi/Semester%207/KKP/Ja-Track-main/Ja-Track-main/Ja-Track-main/Ja-Track-main/JavaApplication9/src/com/JaTrack/main/MainForm.java</file>
            <file>file:/C:/Users/HP%2014S/OneDrive/Documents/Tugas%20ogi/Semester%207/KKP/Ja-Track-main/Ja-Track-main/Ja-Track-main/Ja-Track-main/JavaApplication9/src/com/JaTrack/Form/FormTransaksi.java</file>
            <file>file:/C:/Users/HP%2014S/OneDrive/Documents/Tugas%20ogi/Semester%207/KKP/Ja-Track-main/Ja-Track-main/Ja-Track-main/Ja-Track-main/JavaApplication9/src/com/JaTrack/util/DatabaseConnection.java</file>
            <file>file:/C:/Users/HP%2014S/OneDrive/Documents/Tugas%20ogi/Semester%207/KKP/Ja-Track-main/Ja-Track-main/Ja-Track-main/Ja-Track-main/JavaApplication9/src/com/JaTrack/Form/FormAbout.java</file>
            <file>file:/C:/Users/HP%2014S/OneDrive/Documents/Tugas%20ogi/Semester%207/KKP/Ja-Track-main/Ja-Track-main/Ja-Track-main/Ja-Track-main/JavaApplication9/src/com/JaTrack/Form/FormBarang.java</file>
            <file>file:/C:/Users/HP%2014S/OneDrive/Documents/Tugas%20ogi/Semester%207/KKP/Ja-Track-main/Ja-Track-main/Ja-Track-main/Ja-Track-main/JavaApplication9/src/com/JaTrack/icon/transaksi.svg</file>
            <file>file:/C:/Users/HP%2014S/OneDrive/Documents/Tugas%20ogi/Semester%207/KKP/Ja-Track-main/Ja-Track-main/Ja-Track-main/Ja-Track-main/JavaApplication9/src/com/JaTrack/main/Menu.java</file>
            <file>file:/C:/Users/HP%2014S/OneDrive/Documents/Tugas%20ogi/Semester%207/KKP/Ja-Track-main/Ja-Track-main/Ja-Track-main/Ja-Track-main/JavaApplication9/src/com/JaTrack/main/FormManager.java</file>
        </group>
    </open-files>
</project-private>
